<skin background_image="launcher_main_template_rb.png">
	<control type="text" id="TEXT_VER" text="TEXT_PATCHER_VER" x="717" y="100" color="#c7b69b" bg_color="#343434"/>
	<control type="button" id="MINIMIZE" image="btn_minimize" x="765" y="90" />
	<control type="button" id="QUIT" image="btn_quit" x="795" y="90" on_click="exit" />
	
	<control type="iframe" id="IFRAME_MAIN" x="257" y="125" width="562" height="315" link_url="LAUNCHER_IFRAME" />

	<control type="gauge" id="PROGRESS_SUB"  image="sub_progress" x="382" y="465" />
	<control type="gauge" id="PROGRESS_MAIN" image="total_progress" x="382" y="495" />
	<control type="text" id="TEXT_DOWNLOADING" text="TORRENT_STATE_DOWNLOADING" x="265" y="465" color="#c7b69b" bg_color="#343434" />
	<control type="text" id="TEXT_TOTAL" text="TORRENT_TOTAL_PROGRESS" x="265" y="495" color="#c7b69b" bg_color="#343434" />
	

	<control type="button" id="YENI_HESAP" image="btn_account" text="LAUNCHER_TEXT_ACCOUNT" bold="true" color="#c7b69b" x="255" y="526" link_url="https://www.nuya2.com/profile" />
	<control type="button" id="OPTION" image="btn_option" text="LAUNCHER_TEXT_OPTION" bold="true" color="#c7b69b" x="350" y="526" exec_path="config.exe" enable_on_complete="true" />
	<control type="button" id="START" image="btn_start" text="LAUNCHER_TEXT_START" bold="true" color="#c7b69b" x="705" y="526" enable_on_complete="true" />


	<control type="text" id="TEXT_MAIN" text="TORRENT_MAIN" x="265" y="445" color="#c7b69b" bg_color="#343434" />
	<control type="text" id="TEXT_SUB"  text="TORRENT_SUB" x="441" y="445" color="#c7b69b" bg_color="#343434" />
	<control type="text" id="TEXT_TORRENT" text="" x="615" y="445" color="#c7b69b" bg_color="#343434" /> 

	<control type="text" id="TEXT_DNSPEED" text="TORRENT_DOWNLOAD_SPEED" x="475" y="535" color="#c7b69b" bg_color="#343434" />

	
	
</skin>