<?xml version="1.0" encoding="UTF-8" standalone="no"?>
<torrent_locale>
	<string key="Casro2 patcher çalışıyor. Onu görev çubuğunda bulabilirsin.">Nuya2 patcher çalışıyor. Onu görev çubuğunda bulabilirsin.</string>
    <string key="Casro2 Patcher">Nuya2 patcher</string>
	<string key="CHECK_PROTOCOL_ERROR">Sentaks tanınmadı(\'%s\' != \'%s\')</string>
	<string key="CONFIG_APPYING">Konfigürasyonu Uyguluyor...</string>
	<string key="CONFIG_LOADING">Konfigürasyonu Yüklüyor...</string>
	<string key="CREATE_PROCESS_ERROR_2">Çalıştırılabilir dosya bulunamıyor</string>
	<string key="ERROR_EXECUTE_PROCESS">Program düzgün şekilde çalışmıyor.</string>
	<string key="ERROR_LZO_DECOMPRESS">Veri açılamıyor.</string>
	<string key="ERROR_NO_SKIN">Düzenleme mevcut değil.</string>
	<string key="FAILED_CREATE_FILE">Dosya yaratılamıyor.</string>
	<string key="FAILED_DOWNLOAD_FILE">Dosyanın indirilmesi başarısız oldu.</string>
	<string key="FAILED_WRITE_FILE">Dosya yazılamıyor.</string>
	<string key="HTTP_OPEN_REQUEST_ERROR">İstek açılamıyor (URL %s ErrorCode %d)</string>
	<string key="HTTP_QUERY_CONTENT_LENGTH_ERROR">İçerik uzunluğu hatası (URL %s ErrorCode %d)</string>
	<string key="HTTP_QUERY_STATUS_CODE_ERROR">Sorgu durumu hatası (URL %s ErrorCode %d)</string>
	<string key="HTTP_QUERY_STATUS_NOT_OK">Dosya indirilemiyor (URL %s ErrorCode %d Status %d)</string>
	<string key="HTTP_SEND_REQUEST_ERROR">İndirme isteği açılamıyor (URL %s ErrorCode %d)</string>
	<string key="INTERNET_CONNECT_ERROR">Bağlantı kurulamıyor (URL %s ErrorCode %d)</string>
	<string key="INTERNET_OPEN_ERROR">İnternet bağlantısı yok (ErrorCode %d)</string>
	<string key="INTERNET_READ_FILE_ERROR">İndirirken hata oluştu (URL %s ErrorCode %d Position %ld Size %ld)</string>
	<string key="INVALID_CRC_TABLE">Sunucu ile bağlantı kesildi / arızalı.</string>
	<string key="LAUNCHER_IFRAME">http://patcher.nuya2.com/</string>
	<string key="LAUNCHER_NEW_URL">http://www.nuya2.com/register</string>
	<string key="LAUNCHER_TEXT_ACCOUNT">Hesap</string>
	<string key="LAUNCHER_TEXT_START">Oyunu Başlat</string>
	<string key="LAUNCHER_TEXT_DOWNLOAD">İndir</string>
	<string key="LAUNCHER_TEXT_OPTION">Seçenekler</string>
	<string key="LAUNCH_ERROR_WITH_ADMIN_PRIVILEGES">Yamayı yönetici olarak çalıştır.</string>
	<string key="LOAD_FILE_FROM_SFX_ZIP_FAILED">Dosya açılamadı.</string>
	<string key="LOCAL_CONFIG_OPEN_ERROR">Konfigürasyon yerelden açılamadı</string>
	<string key="NEW_PATCHER_MANUAL_CHANGING">Yeni yama başlatılsın mı?</string>
	<string key="NEW_PATCHER_RUNNING">Yamanın yeni bir sürümü mevcut. Güncellemek ister misiniz?</string>
	<string key="NEW_PATCHER_START">Yeni yama başlatılıyor.</string>
	<string key="NOTICE">Hata</string>
	<string key="NOT_SUPPORT_UAC">UAC (Kullanıcı Hesabı Denetimi) olmadığından yamayı yönetici olarak çalıştır.</string>
	<string key="REMOTE_CONFIG_OPEN_ERROR">Konfigürasyon uzaktan açılamadı</string>
	<string key="RUN_PATH_EMPTY">Program, girilen dosyayı bulamıyor.</string>
	<string key="SET_ICON_ERROR">Simge belirlenemedi</string>
	<string key="TORRENT_DATA_EMPTY">Torrent verisi hatalı, lütfen yama işlemini tekrarlayın.</string>
	<string key="TORRENT_DOWNLOAD_ERROR">Dosyaları indirirken hata (Torrent: %s)</string>
	<string key="TORRENT_DOWNLOAD_SPEED">İndirme Hızı:</string>
	<string key="TORRENT_FILE_NOT_FOUND">Torrent dosyası bulunamadı</string>
	<string key="TORRENT_FOREGROUND_PATCH_RUN_GAME">Oyunu Başlatıyor...</string>
	<string key="TORRENT_NOTICE_ACCEPT">Kabul et</string>
	<string key="TORRENT_NOTICE_REFUSE">İptal et</string>
	<string key="TORRENT_NOTICE_TITLE">Metin2 - Duyuru</string>
	<string key="TORRENT_NOT_FOUND">Torrent verisi bulunamadı.</string>
	<string key="TORRENT_PATCH">Metin2 TORRENT</string>
	<string key="TORRENT_PATCH_CANCEL">İptal</string>
	<string key="TORRENT_PATCH_ERROR">Torrent güncellemesinde hata</string>
	<string key="TORRENT_PATCH_INIT">Hazırlanıyor...</string>
	<string key="TORRENT_PATCH_SEEDING">Kaynaktan alınıyor...</string>
	<string key="TORRENT_PEERS_COUNT">Eşler:</string>
	<string key="TORRENT_SAVING_RESUME_DATA">Geçmiş Veriyi Kaydediyor</string>
	<string key="TORRENT_SEEDS_COUNT">Kaynaklar:</string>
	<string key="TORRENT_SESSION_CLOSED">Bitmesi İçin Bekleniyor</string>
	<string key="TORRENT_SESSION_CLOSING">Oturum Kapatılıyor</string>
	<string key="TORRENT_SESSION_LISTEN_ERROR">Sunucu portu açılamadı (Port %d-%d)</string>
	<string key="TORRENT_SESSION_PAUSING">İndirme Duraklatıldı</string>
	<string key="TORRENT_START">Yama Başlıyor...</string>
	<string key="TORRENT_STATE_ALLOCATING">Durum Hesaplanıyor...</string>
	<string key="TORRENT_STATE_CANCELING">Duruyor...</string>
	<string key="TORRENT_STATE_CHECKING">Dosyaları Kontrol Ediyor...</string>
	<string key="TORRENT_STATE_CHECKING_RESUME_DATA">Geçmiş Veriyi Kontrol Ediyor</string>
	<string key="TORRENT_STATE_DOWNLOADING">İndiriyor...</string>
	<string key="TORRENT_STATE_DOWNLOADING_METADATA">Üstveriyi İndiriyor</string>
	<string key="TORRENT_STATE_FINISHED">İndirme bitti!</string>
	<string key="TORRENT_STATE_QUEUED_FOR_CHECKING">Dosya Kontolü İçin Sırada</string>
	<string key="TORRENT_STATE_SEEDING">Kaynaktan Alınıyor...</string>
	<string key="TORRENT_STATE_UNKNOWN">İndirme Durumu Hatası!</string>
	<string key="TORRENT_TOTAL_PROGRESS">Toplam Süreç</string>
	<string key="TORRENT_TRAY_BANDWIDTH_ALLOCATION">Bant Genişliği Dağılımı</string>
	<string key="TORRENT_TRAY_BANDWIDTH_UNLIMITED">Limitsiz</string>
	<string key="TORRENT_TRAY_EXIT">Çıkış</string>
	<string key="TORRENT_TRAY_SHOWHIDE">Göster/Gizle</string>
	<string key="TORRENT_UPLOAD_SPEED">Gönderme Hızı:</string>
	<string key="XML_FIRST_ELEMENT_ERROR">XML\'deki ilk madde bulunamadı</string>
	<string key="XML_PARSING_ERROR">XML dosyasını ayrıştırırken hata</string>
	<string key="_WFOPEN_S_ERROR">Dosya bulunamadı (path %s mode %s)</string>
</torrent_locale>